Title,Rating,Votes,Duration
1. The Jury: Murder Trial,7,234,3h
2. Meet Me in Rome,5,524,1h 25m
3. Inquietus,N/A,N/A,N/A
4. Wet Dreams,N/A,N/A,1h 1m
5. The Netflix Slam,7.1,141,2h 30m
6. Dinner Party Diaries with José Andrés,7.8,77,N/A
7. Chappelle's Home Team: Donnell Rawlings - A New Day,5.7,236,40m
8. The Loneliest Boy on Earth,N/A,N/A,2h 38m
9. Verified,5.6,8,1h 37m
10. The Old Baraboo Inn,N/A,N/A,48m
11. Citizen Glenn,N/A,N/A,55m
12. Maria,4.2,22,1h
13. I Used to Love a Crackhead,N/A,N/A,N/A
14. Point of the Pen,N/A,N/A,N/A
15. Cheongsam Culture Reality,N/A,N/A,N/A
16. Storeis from the grave afterlife research PNW,N/A,N/A,40m
17. Krazy Haus San Fransicko 2 La,N/A,N/A,N/A
18. Quadrant HCS Major 2: London,N/A,N/A,N/A
19. Obsessed with Fashion,N/A,N/A,N/A
20. Beta Squad vs AMP Charity Match 2024,N/A,N/A,3h 30m
21. Nytårsfesten 2023 i Danmark,N/A,N/A,1h 17m
22. Sound of Mountain,N/A,N/A,N/A
23. Beyond the Living Stenberg,N/A,N/A,N/A
24. Thinking All About Love: An Open Letter to Anyone Confused in 2024,N/A,N/A,1h 30m
25. CMG 2024 Spring Festival Gala,N/A,N/A,N/A
26. Current Status of HSC Candidates,N/A,N/A,N/A
